{"openapi":"3.0.0","info":{"title":"SALES API","description":"This is a demo service, which provides the function of demonstrating the App api","contact":{"name":"NEXAH","email":"contact@nexah.net"},"version":"1.0.0"},"servers":[{"url":"http:\/\/sales-dev.nexah.net\/api\/v1","description":"development environment"}],"paths":{"\/appointments":{"get":{"tags":["Appointments"],"summary":"List all appointments","description":"List all appointments","operationId":"list","parameters":[{"name":"paginate","in":"query","description":"Should Paginate response","required":true,"schema":{"type":"integer"}},{"name":"per_page","in":"query","description":"Number items per page","required":true,"schema":{"type":"integer"}},{"name":"page","in":"query","description":"Page number","required":true,"schema":{"type":"integer"}}],"responses":{"200":{"description":"Response Type","content":{"application\/json":{"schema":{"properties":{"errcode":{"type":"integer","example":200},"message":{"type":"string","example":"Ok"},"data":{"type":"array","items":{"properties":{"id":{"type":"integer","example":1},"mcr_org_id":{"type":"integer","example":1},"sso_user_id":{"type":"integer","example":4},"prospect_id":{"type":"integer","example":1},"contact_id":{"type":"integer","example":2},"service_id":{"type":"integer","example":2},"function":{"type":"string","example":"Secretaire"},"is_decision_maker":{"type":"integer","example":0},"rdv_date":{"type":"string","example":"2020-10-13T08:46:01.000000Z"},"comment":{"type":"string","example":"Hello World !"},"created_at":{"type":"string","example":"2020-10-13T08:46:01.000000Z"},"updated_at":{"type":"string","example":"2020-10-13T08:46:01.000000Z"}},"type":"object"},"example":[{"id":1,"mcr_org_id":1,"sso_user_id":4,"prospect_id":1,"contact_id":1,"service_id":2,"function":"DG","is_decision_maker":1,"rdv_date":"2020-10-13T08:46:01.000000Z","comment":"Hello world !","created_at":"2020-10-13T08:46:01.000000Z","updated_at":"2020-10-13T08:46:01.000000Z"},{"id":2,"mcr_org_id":1,"sso_user_id":4,"prospect_id":1,"contact_id":2,"service_id":2,"function":"Secretaire","is_decision_maker":0,"rdv_date":"2020-10-13T08:46:01.000000Z","comment":"Hello world !","created_at":"2020-10-13T08:46:01.000000Z","updated_at":"2020-10-13T08:46:01.000000Z"}]}},"type":"object"}}}}},"security":[{"api_key":[]}]}},"\/find-appointment\/{id}":{"get":{"tags":["Appointments"],"summary":"Find an appointment","description":"Find an appointment","operationId":"find","parameters":[{"name":"id","in":"path","description":"The Appointment ID","required":true,"schema":{"type":"integer"}}],"responses":{"200":{"description":"Response Type","content":{"application\/json":{"schema":{"properties":{"errcode":{"type":"integer","example":200},"message":{"type":"string","example":"Ok"},"data":{"type":"array","items":{"properties":{"id":{"type":"integer","example":1},"mcr_org_id":{"type":"integer","example":1},"sso_user_id":{"type":"integer","example":4},"prospect_id":{"type":"integer","example":1},"contact_id":{"type":"integer","example":2},"service_id":{"type":"integer","example":2},"function":{"type":"string","example":"Secretaire"},"is_decision_maker":{"type":"integer","example":0},"rdv_date":{"type":"string","example":"2020-10-13T08:46:01.000000Z"},"comment":{"type":"string","example":"Hello World !"},"created_at":{"type":"string","example":"2020-10-13T08:46:01.000000Z"},"updated_at":{"type":"string","example":"2020-10-13T08:46:01.000000Z"}},"type":"object"},"example":{"id":1,"mcr_org_id":1,"sso_user_id":4,"prospect_id":1,"contact_id":1,"service_id":2,"function":"DG","is_decision_maker":1,"rdv_date":"2020-10-13T08:46:01.000000Z","comment":"Hello world !","created_at":"2020-10-13T08:46:01.000000Z","updated_at":"2020-10-13T08:46:01.000000Z"}}},"type":"object"}}}}},"security":[{"api_key":[]}]}},"\/create-appointment":{"post":{"tags":["Appointments"],"summary":"Create appointment","description":"Create appointment","operationId":"create","parameters":[{"name":"mcr_org_id","in":"query","description":"The Organization","required":true,"schema":{"type":"integer"}},{"name":"sso_user_id","in":"query","description":"The User","required":true,"schema":{"type":"integer"}},{"name":"prospect_id","in":"query","description":"The Prospect Id","required":false,"schema":{"type":"integer"}},{"name":"activity_area_id","in":"query","description":"The Activity Area Id","required":false,"schema":{"type":"integer"}},{"name":"name","in":"query","description":"The prospect name","required":false,"schema":{"type":"string"}},{"name":"phone","in":"query","description":"The prospect phone","required":false,"schema":{"type":"string"}},{"name":"email","in":"query","description":"The prospect email","required":false,"schema":{"type":"string"}},{"name":"town","in":"query","description":"The prospect town","required":false,"schema":{"type":"string"}},{"name":"address","in":"query","description":"The prospect address","required":false,"schema":{"type":"string"}},{"name":"longitude","in":"query","description":"The prospect longitude","required":false,"schema":{"type":"string"}},{"name":"latitude","in":"query","description":"The prospect latitude","required":false,"schema":{"type":"string"}},{"name":"contact_id","in":"query","description":"The contact ID","required":false,"schema":{"type":"integer"}},{"name":"contact_name","in":"query","description":"The contact name","required":false,"schema":{"type":"string"}},{"name":"contact_phone","in":"query","description":"The contact phone","required":false,"schema":{"type":"string"}},{"name":"contact_email","in":"query","description":"The contact email","required":false,"schema":{"type":"string"}},{"name":"contact_function","in":"query","description":"The contact function","required":false,"schema":{"type":"string"}},{"name":"contact_is_decision_maker","in":"query","description":"The contact decision maker","required":false,"schema":{"type":"integer"}},{"name":"service_id","in":"query","description":"The service ID","required":true,"schema":{"type":"integer"}},{"name":"rdv_date","in":"query","description":"The rdv date","required":true,"schema":{"type":"string"}},{"name":"comment","in":"query","description":"The comment","required":false,"schema":{"type":"string"}}],"responses":{"200":{"description":"Response Type","content":{"application\/json":{"schema":{"properties":{"errcode":{"type":"integer","example":200},"message":{"type":"string","example":"OK"},"data":{"type":"array","items":{"properties":{"id":{"type":"integer","example":1},"mcr_org_id":{"type":"integer","example":1},"sso_user_id":{"type":"integer","example":4},"prospect_id":{"type":"integer","example":1},"contact_id":{"type":"integer","example":2},"service_id":{"type":"integer","example":2},"function":{"type":"string","example":"Secretaire"},"is_decision_maker":{"type":"integer","example":0},"rdv_date":{"type":"string","example":"2020-10-13T08:46:01.000000Z"},"comment":{"type":"string","example":"Hello World !"},"created_at":{"type":"string","example":"2020-10-13T08:46:01.000000Z"},"updated_at":{"type":"string","example":"2020-10-13T08:46:01.000000Z"}},"type":"object"},"example":{"id":1,"mcr_org_id":1,"sso_user_id":4,"prospect_id":1,"contact_id":1,"service_id":2,"function":"DG","is_decision_maker":1,"rdv_date":"2020-10-13T08:46:01.000000Z","comment":"Hello world !","created_at":"2020-10-13T08:46:01.000000Z","updated_at":"2020-10-13T08:46:01.000000Z"}}},"type":"object"}}}}},"security":[{"api_key":[]}]}},"\/update-appointment\/{id}":{"put":{"tags":["Appointments"],"summary":"Update an appointment","description":"Update an appointment","operationId":"update","parameters":[{"name":"mcr_org_id","in":"query","description":"The Organization","required":true,"schema":{"type":"integer"}},{"name":"sso_user_id","in":"query","description":"The User","required":true,"schema":{"type":"integer"}},{"name":"prospect_id","in":"query","description":"The Prospect Id","required":false,"schema":{"type":"integer"}},{"name":"activity_area_id","in":"query","description":"The Activity Area Id","required":false,"schema":{"type":"integer"}},{"name":"name","in":"query","description":"The prospect name","required":false,"schema":{"type":"string"}},{"name":"phone","in":"query","description":"The prospect phone","required":false,"schema":{"type":"string"}},{"name":"email","in":"query","description":"The prospect email","required":false,"schema":{"type":"string"}},{"name":"town","in":"query","description":"The prospect town","required":false,"schema":{"type":"string"}},{"name":"address","in":"query","description":"The prospect address","required":false,"schema":{"type":"string"}},{"name":"longitude","in":"query","description":"The prospect longitude","required":false,"schema":{"type":"string"}},{"name":"latitude","in":"query","description":"The prospect latitude","required":false,"schema":{"type":"string"}},{"name":"contact_id","in":"query","description":"The contact ID","required":false,"schema":{"type":"integer"}},{"name":"contact_name","in":"query","description":"The contact name","required":false,"schema":{"type":"string"}},{"name":"contact_phone","in":"query","description":"The contact phone","required":false,"schema":{"type":"string"}},{"name":"contact_email","in":"query","description":"The contact email","required":false,"schema":{"type":"string"}},{"name":"contact_function","in":"query","description":"The contact function","required":false,"schema":{"type":"string"}},{"name":"contact_is_decision_maker","in":"query","description":"The contact decision maker","required":false,"schema":{"type":"integer"}},{"name":"service_id","in":"query","description":"The service ID","required":true,"schema":{"type":"integer"}},{"name":"rdv_date","in":"query","description":"The rdv date","required":true,"schema":{"type":"string"}},{"name":"comment","in":"query","description":"The comment","required":false,"schema":{"type":"string"}}],"responses":{"200":{"description":"Response Type","content":{"application\/json":{"schema":{"properties":{"errcode":{"type":"integer","example":200},"message":{"type":"string","example":"OK"},"data":{"type":"array","items":{"properties":{"id":{"type":"integer","example":1},"mcr_org_id":{"type":"integer","example":1},"sso_user_id":{"type":"integer","example":4},"prospect_id":{"type":"integer","example":1},"contact_id":{"type":"integer","example":2},"service_id":{"type":"integer","example":2},"function":{"type":"string","example":"Secretaire"},"is_decision_maker":{"type":"integer","example":0},"rdv_date":{"type":"string","example":"2020-10-13T08:46:01.000000Z"},"comment":{"type":"string","example":"Hello World !"},"created_at":{"type":"string","example":"2020-10-13T08:46:01.000000Z"},"updated_at":{"type":"string","example":"2020-10-13T08:46:01.000000Z"}},"type":"object"},"example":{"id":1,"mcr_org_id":1,"sso_user_id":4,"prospect_id":1,"contact_id":1,"service_id":2,"function":"DG","is_decision_maker":1,"rdv_date":"2020-10-13T08:46:01.000000Z","comment":"Hello world !","created_at":"2020-10-13T08:46:01.000000Z","updated_at":"2020-10-13T08:46:01.000000Z"}}},"type":"object"}}}}},"security":[{"api_key":[]}]}},"\/delete-appointment\/{id}":{"delete":{"tags":["Appointments"],"summary":"Delete Appointment","description":"Delete Appointment","operationId":"delete","parameters":[{"name":"id","in":"path","description":"The Appointment ID","required":true,"schema":{"type":"integer"}}],"responses":{"200":{"description":"Response Type","content":{"application\/json":{"schema":{"properties":{"errcode":{"type":"integer","example":200},"message":{"type":"string","example":"OK"}},"type":"object"}}}}},"security":[{"api_key":[]}]}},"\/contacts":{"get":{"tags":["Contacts"],"summary":"List all contacts","description":"List all contacts","operationId":"list","parameters":[{"name":"paginate","in":"query","description":"Should Paginate response","required":true,"schema":{"type":"integer"}},{"name":"per_page","in":"query","description":"Number items per page","required":true,"schema":{"type":"integer"}},{"name":"page","in":"query","description":"Page number","required":true,"schema":{"type":"integer"}}],"responses":{"200":{"description":"Response Type","content":{"application\/json":{"schema":{"properties":{"errcode":{"type":"integer","example":200},"message":{"type":"string","example":"Ok"},"data":{"type":"array","items":{"properties":{"id":{"type":"integer","example":1},"name":{"type":"string","example":"John Doe"},"phone":{"type":"string","example":"677777777"},"email":{"type":"string","example":"doe@nexah.net"},"updated_at":{"type":"string","example":"2020-10-13T08:46:01.000000Z"}},"type":"object"},"example":[{"id":1,"name":"John Doe","phone":"677777777","email":"doe@nexah.net","created_at":"2020-10-13T08:46:01.000000Z","updated_at":"2020-10-13T08:46:01.000000Z"},{"id":2,"name":"John Doe","phone":"677777777","email":"doe@nexah.net","created_at":"2020-10-13T08:46:01.000000Z","updated_at":"2020-10-13T08:46:01.000000Z"}]}},"type":"object"}}}}},"security":[{"api_key":[]}]}},"\/find-contact\/{id}":{"get":{"tags":["Contacts"],"summary":"Find a contact","description":"Find a contact","operationId":"find","parameters":[{"name":"id","in":"path","description":"The Contact ID","required":true,"schema":{"type":"integer"}}],"responses":{"200":{"description":"Response Type","content":{"application\/json":{"schema":{"properties":{"errcode":{"type":"integer","example":200},"message":{"type":"string","example":"Ok"},"data":{"type":"array","items":{"properties":{"id":{"type":"integer","example":1},"name":{"type":"string","example":"John Doe"},"phone":{"type":"string","example":"677777777"},"email":{"type":"string","example":"doe@nexah.net"},"created_at":{"type":"string","example":"2020-10-13T08:46:01.000000Z"},"updated_at":{"type":"string","example":"2020-10-13T08:46:01.000000Z"}},"type":"object"},"example":{"id":1,"name":"John Doe","phone":"677777777","email":"doe@nexah.net","created_at":"2020-10-13T08:46:01.000000Z","updated_at":"2020-10-13T08:46:01.000000Z"}}},"type":"object"}}}}},"security":[{"api_key":[]}]}},"\/update-contact\/{id}":{"put":{"tags":["Contacts"],"summary":"Update Contact","description":"Update Contact","operationId":"update","parameters":[{"name":"id","in":"path","description":"The contact ID","required":true,"schema":{"type":"integer"}},{"name":"name","in":"query","description":"The name","required":true,"schema":{"type":"string"}},{"name":"phone","in":"query","description":"The phone number","required":true,"schema":{"type":"string"}},{"name":"email","in":"query","description":"The email address","required":true,"schema":{"type":"string"}}],"responses":{"200":{"description":"Response Type","content":{"application\/json":{"schema":{"properties":{"errcode":{"type":"integer","example":200},"message":{"type":"string","example":"OK"},"data":{"type":"array","items":{"properties":{"id":{"type":"integer","example":1},"name":{"type":"string","example":"John Doe"},"phone":{"type":"string","example":"677777777"},"email":{"type":"string","example":"doe@nexah.net"},"created_at":{"type":"string","example":"2020-10-13T08:46:01.000000Z"},"updated_at":{"type":"string","example":"2020-10-13T08:46:01.000000Z"}},"type":"object"},"example":{"id":1,"name":"John Doe","phone":"677777777","email":"doe@nexah.net","created_at":"2020-10-13T08:46:01.000000Z","updated_at":"2020-10-13T08:46:01.000000Z"}}},"type":"object"}}}}},"security":[{"api_key":[]}]}},"\/delete-contact\/{id}":{"delete":{"tags":["Contacts"],"summary":"Delete Contact","description":"Delete Contact","operationId":"delete","parameters":[{"name":"id","in":"path","description":"The Contact ID","required":true,"schema":{"type":"integer"}}],"responses":{"200":{"description":"Response Type","content":{"application\/json":{"schema":{"properties":{"errcode":{"type":"integer","example":200},"message":{"type":"string","example":"OK"}},"type":"object"}}}}},"security":[{"api_key":[]}]}},"\/prospects":{"get":{"tags":["Prospects"],"summary":"List all prospects","description":"List all prospects","operationId":"list","parameters":[{"name":"mcr_org_id","in":"query","description":"The prospect owner Organization","required":false,"schema":{"type":"integer"}},{"name":"sso_user_id","in":"query","description":"The prospect owner User","required":false,"schema":{"type":"integer"}},{"name":"paginate","in":"query","description":"Should Paginate response","required":true,"schema":{"type":"integer"}},{"name":"per_page","in":"query","description":"Number items per page","required":true,"schema":{"type":"integer"}},{"name":"page","in":"query","description":"Page number","required":true,"schema":{"type":"integer"}}],"responses":{"200":{"description":"Response Type","content":{"application\/json":{"schema":{"properties":{"errcode":{"type":"integer","example":200},"message":{"type":"string","example":"OK"},"data":{"type":"array","items":{"properties":{"id":{"type":"integer","example":1},"activity_area_id":{"type":"integer","example":1},"name":{"type":"string","example":"NEXAH"},"email":{"type":"string","example":"contact@nexah.net"},"phone":{"type":"string","example":"677777777"},"town":{"type":"string","example":"Douala"},"address":{"type":"string","example":"Makepe"},"longitude":{"type":"string","example":"4.9996"},"latitude":{"type":"string","example":"2.9996"},"created_at":{"type":"string","example":"2020-10-13T08:46:01.000000Z"},"updated_at":{"type":"string","example":"2020-10-13T08:46:01.000000Z"}},"type":"object"},"example":[{"id":1,"activity_area_id":1,"name":"NEXAH","email":"contact@nexah.net","phone":"677777777","town":"Douala","address":"Makepe","longitude":4.9996,"latitude":2.3256,"created_at":"2020-10-13T08:46:01.000000Z","updated_at":"2020-10-13T08:46:01.000000Z"}]}},"type":"object"}}}}},"security":[{"api_key":[]}]}},"\/find-prospect\/{id}":{"get":{"tags":["Prospects"],"summary":"Find prospect","description":"Find prospect","operationId":"find","parameters":[{"name":"id","in":"path","description":"The prospect ID","required":true,"schema":{"type":"integer"}}],"responses":{"200":{"description":"Response Type","content":{"application\/json":{"schema":{"properties":{"errcode":{"type":"integer","example":200},"message":{"type":"string","example":"OK"},"data":{"type":"object","items":{"properties":{"id":{"type":"integer","example":1},"activity_area_id":{"type":"integer","example":1},"name":{"type":"string","example":"NEXAH"},"email":{"type":"string","example":"contact@nexah.net"},"phone":{"type":"string","example":"677777777"},"town":{"type":"string","example":"Douala"},"address":{"type":"string","example":"Makepe"},"longitude":{"type":"string","example":"4.9996"},"latitude":{"type":"string","example":"2.9996"},"created_at":{"type":"string","example":"2020-10-13T08:46:01.000000Z"},"updated_at":{"type":"string","example":"2020-10-13T08:46:01.000000Z"}},"type":"object"},"example":{"id":1,"activity_area_id":1,"name":"NEXAH","email":"contact@nexah.net","phone":"677777777","town":"Douala","address":"Makepe","longitude":4.9996,"latitude":2.3256,"created_at":"2020-10-13T08:46:01.000000Z","updated_at":"2020-10-13T08:46:01.000000Z"}}},"type":"object"}}}}},"security":[{"api_key":[]}]}},"\/update-prospect\/{id}":{"put":{"tags":["Prospects"],"summary":"Update prospect","description":"Update prospect","operationId":"update","parameters":[{"name":"id","in":"path","description":"The prospection ID","required":true,"schema":{"type":"integer"}},{"name":"name","in":"query","description":"The prospect name","required":true,"schema":{"type":"string"}},{"name":"email","in":"query","description":"The prospect email address","required":true,"schema":{"type":"string"}},{"name":"phone","in":"query","description":"The prospect phone number","required":true,"schema":{"type":"string"}},{"name":"town","in":"query","description":"The prospect town","required":true,"schema":{"type":"string"}},{"name":"address","in":"query","description":"The prospect address","required":true,"schema":{"type":"string"}},{"name":"activity_areas","in":"query","description":"The prospect activity area","required":true,"schema":{"type":"string"}},{"name":"longitude","in":"query","description":"Longitude","required":false,"schema":{"type":"string"}},{"name":"latitude","in":"query","description":"Latitude","required":false,"schema":{"type":"string"}}],"responses":{"200":{"description":"Response Type","content":{"application\/json":{"schema":{"properties":{"errcode":{"type":"integer","example":200},"message":{"type":"string","example":"OK"},"data":{"type":"object","items":{"properties":{"id":{"type":"integer","example":1},"activity_area_id":{"type":"integer","example":1},"name":{"type":"string","example":"NEXAH"},"email":{"type":"string","example":"contact@nexah.net"},"phone":{"type":"string","example":"677777777"},"town":{"type":"string","example":"Douala"},"address":{"type":"string","example":"Makepe"},"longitude":{"type":"string","example":"4.9996"},"latitude":{"type":"string","example":"2.9996"},"created_at":{"type":"string","example":"2020-10-13T08:46:01.000000Z"},"updated_at":{"type":"string","example":"2020-10-13T08:46:01.000000Z"}},"type":"object"},"example":{"id":1,"activity_area_id":1,"name":"NEXAH","email":"contact@nexah.net","phone":"677777777","town":"Douala","address":"Makepe","longitude":4.9996,"latitude":2.3256,"created_at":"2020-10-13T08:46:01.000000Z","updated_at":"2020-10-13T08:46:01.000000Z"}}},"type":"object"}}}}},"security":[{"api_key":[]}]}},"\/delete-prospect\/{id}":{"delete":{"tags":["Prospects"],"summary":"Delete prospect","description":"Delete prospect","operationId":"delete","parameters":[{"name":"id","in":"path","description":"The prospection ID","required":true,"schema":{"type":"integer"}}],"responses":{"200":{"description":"Response Type","content":{"application\/json":{"schema":{"properties":{"errcode":{"type":"integer","example":200},"message":{"type":"string","example":"OK"}},"type":"object"}}}}},"security":[{"api_key":[]}]}},"\/services":{"get":{"tags":["Services"],"summary":"List all services","description":"List all services","operationId":"list","parameters":[{"name":"paginate","in":"query","description":"Should Paginate response","required":true,"schema":{"type":"integer"}},{"name":"per_page","in":"query","description":"Number items per page","required":true,"schema":{"type":"integer"}},{"name":"page","in":"query","description":"Page number","required":true,"schema":{"type":"integer"}}],"responses":{"200":{"description":"Response Type","content":{"application\/json":{"schema":{"properties":{"errcode":{"type":"integer","example":200},"message":{"type":"string","example":"Ok"},"data":{"type":"array","items":{"properties":{"id":{"type":"integer","example":1},"mcr_org_id":{"type":"integer","example":1},"sso_user_id":{"type":"integer","example":1},"code":{"type":"string","example":"S02"},"name":{"type":"string","example":"USSD"},"created_at":{"type":"string","example":"2020-10-13T08:46:01.000000Z"},"updated_at":{"type":"string","example":"2020-10-13T08:46:01.000000Z"}},"type":"object"},"example":[{"id":1,"mcr_org_id":1,"sso_user_id":4,"code":"S01","name":"BulkSMS","created_at":"2020-10-13T08:46:01.000000Z","updated_at":"2020-10-13T08:46:01.000000Z"},{"id":2,"mcr_org_id":1,"sso_user_id":4,"code":"S02","name":"USSD","created_at":"2020-10-13T08:46:01.000000Z","updated_at":"2020-10-13T08:46:01.000000Z"}]}},"type":"object"}}}}},"security":[{"api_key":[]}]}},"\/find-service\/{id}":{"get":{"tags":["Services"],"summary":"Find Service","description":"Find Service","operationId":"find","parameters":[{"name":"id","in":"path","description":"The Service ID","required":true,"schema":{"type":"integer"}}],"responses":{"200":{"description":"Response Type","content":{"application\/json":{"schema":{"properties":{"errcode":{"type":"integer","example":200},"message":{"type":"string","example":"OK"},"data":{"type":"array","items":{"properties":{"id":{"type":"integer","example":1},"mcr_org_id":{"type":"integer","example":1},"sso_user_id":{"type":"integer","example":1},"code":{"type":"string","example":"S02"},"name":{"type":"string","example":"USSD"},"created_at":{"type":"string","example":"2020-10-13T08:46:01.000000Z"},"updated_at":{"type":"string","example":"2020-10-13T08:46:01.000000Z"}},"type":"object"},"example":{"id":1,"mcr_org_id":1,"sso_user_id":4,"code":"S02","name":"USSD","created_at":"2020-10-13T08:46:01.000000Z","updated_at":"2020-10-13T08:46:01.000000Z"}}},"type":"object"}}}}},"security":[{"api_key":[]}]}},"\/create-service":{"post":{"tags":["Services"],"summary":"Create Service","description":"Create Service","operationId":"create","parameters":[{"name":"name","in":"query","description":"The service's name","required":true,"schema":{"type":"string"}}],"responses":{"200":{"description":"Response Type","content":{"application\/json":{"schema":{"properties":{"errcode":{"type":"integer","example":200},"message":{"type":"string","example":"OK"},"data":{"type":"array","items":{"properties":{"id":{"type":"integer","example":1},"mcr_org_id":{"type":"integer","example":1},"sso_user_id":{"type":"integer","example":1},"code":{"type":"string","example":"S02"},"name":{"type":"string","example":"USSD"},"created_at":{"type":"string","example":"2020-10-13T08:46:01.000000Z"},"updated_at":{"type":"string","example":"2020-10-13T08:46:01.000000Z"}},"type":"object"},"example":{"id":1,"mcr_org_id":1,"sso_user_id":4,"code":"S02","name":"USSD","created_at":"2020-10-13T08:46:01.000000Z","updated_at":"2020-10-13T08:46:01.000000Z"}}},"type":"object"}}}}},"security":[{"api_key":[]}]}},"\/update-service\/{id}":{"put":{"tags":["Services"],"summary":"Update Service","description":"Update Service","operationId":"update","parameters":[{"name":"id","in":"path","description":"The service ID","required":true,"schema":{"type":"integer"}},{"name":"name","in":"query","description":"The service's name","required":true,"schema":{"type":"string"}}],"responses":{"200":{"description":"Response Type","content":{"application\/json":{"schema":{"properties":{"errcode":{"type":"integer","example":200},"message":{"type":"string","example":"OK"},"data":{"type":"array","items":{"properties":{"id":{"type":"integer","example":1},"mcr_org_id":{"type":"integer","example":1},"sso_user_id":{"type":"integer","example":1},"code":{"type":"string","example":"S02"},"name":{"type":"string","example":"USSD"},"created_at":{"type":"string","example":"2020-10-13T08:46:01.000000Z"},"updated_at":{"type":"string","example":"2020-10-13T08:46:01.000000Z"}},"type":"object"},"example":{"id":1,"mcr_org_id":1,"sso_user_id":4,"code":"S02","name":"USSD","created_at":"2020-10-13T08:46:01.000000Z","updated_at":"2020-10-13T08:46:01.000000Z"}}},"type":"object"}}}}},"security":[{"api_key":[]}]}},"\/delete-service\/{id}":{"delete":{"tags":["Services"],"summary":"Delete Service","description":"Delete Service","operationId":"delete","parameters":[{"name":"id","in":"path","description":"The service ID","required":true,"schema":{"type":"integer"}}],"responses":{"200":{"description":"Response Type","content":{"application\/json":{"schema":{"properties":{"errcode":{"type":"integer","example":200},"message":{"type":"string","example":"OK"}},"type":"object"}}}}},"security":[{"api_key":[]}]}}},"components":{"schemas":{"User":{"title":"User","properties":{},"type":"object"}},"securitySchemes":{"api_key":{"type":"apiKey","description":"A short description for security scheme","name":"Authorization","in":"header"}}}}